{"cameraMode":{"drawMode":0,"name":"Shaded","section":"Shading Mode"},"sceneLighting":true,"audioPlay":false,"sceneViewState":{"showFog":true,"showMaterialUpdate":false,"showSkybox":true,"showFlares":true,"showImageEffects":true,"showParticleSystems":true},"in2DMode":false,"pivot":{"x":0.16432631015777589,"y":1.8905879259109498,"z":7.285970211029053},"rotation":{"x":-0.16766411066055299,"y":-0.6540730595588684,"z":0.15204651653766633,"w":-0.721821129322052},"size":6.500321388244629,"orthographic":false}